PubmedID,Title,Publication Date,Non-academic Author(s),Company Affiliation(s),Corresponding Author Email
40064631,,,John Doe,Biotech Inc.,john@biotech.com
40064605,,,John Doe,Biotech Inc.,john@biotech.com
40064599,,,John Doe,Biotech Inc.,john@biotech.com
40064590,,,John Doe,Biotech Inc.,john@biotech.com
40064578,,,John Doe,Biotech Inc.,john@biotech.com
40064573,,,John Doe,Biotech Inc.,john@biotech.com
40064572,,,John Doe,Biotech Inc.,john@biotech.com
40064569,,,John Doe,Biotech Inc.,john@biotech.com
40064560,,,John Doe,Biotech Inc.,john@biotech.com
40064543,,,John Doe,Biotech Inc.,john@biotech.com
